StockCode,cluster
10002,1
10002R,1
10080,1
10109,1
10120,1
10123C,1
10123G,1
10124A,1
10124G,1
10125,1
10133,1
10134,1
10135,1
10138,1
11001,1
15030,1
15034,1
15036,0
15039,1
15044A,1
15044B,1
15044C,1
15044D,1
15056BL,0
15056N,0
15056P,1
15056bl,1
15056n,1
15056p,1
15058A,1
15058B,1
15058C,1
15059A,1
15060B,1
15060b,1
16008,1
16011,1
16012,1
16014,1
16015,1
16016,1
16020C,1
16033,1
16043,1
16044,1
16045,1
16048,1
16049,1
16050,1
16051,1
16052,1
16053,1
16054,1
16119,1
16151A,1
16156L,1
16156N,1
16156S,1
16161C,1
16161E,1
16161G,1
16161M,1
16161P,1
16161U,1
16162L,1
16162M,1
16168M,1
16168S,1
16169C,1
16169D,1
16169E,1
16169F,1
16169G,1
16169K,1
16169M,1
16169N,1
16169P,1
16192,1
16201A,1
16201B,1
16202A,1
16202B,1
16202C,1
16202E,1
16206B,1
16207A,1
16207B,1
16212,1
16215,1
16216,1
16218,1
16219,1
16225,1
16235,1
16236,1
16237,1
16238,1
16239,1
16243B,1
16244A,1
16244B,1
16245A,1
16248B,1
16254,1
16256B,1
16256C,1
16258A,1
16258B,1
16259,1
17001,1
17003,1
17007B,1
17011A,1
17011B,1
17011C,1
17011D,1
17011E,1
17011F,1
17012A,1
17012B,1
17012C,1
17012D,1
17012E,1
17012F,1
17013B,1
17013C,1
17013D,1
17013F,1
17014A,1
17014C,1
17014D,1
17014E,1
17014F,1
17021,1
17027A,1
17028J,1
17033,1
17038,1
17039,1
17061,1
17084A,1
17084G,1
17084J,1
17084N,1
17084P,1
17084R,1
17090A,1
17090D,1
17091A,1
17091B,1
17091F,1
17091J,1
17096,1
17107D,1
17108D,1
17109A,1
17109B,1
17109C,1
17109D,1
17129C,1
17129D,1
17129F,1
17136A,1
17164B,1
17164D,1
17165B,1
17165D,1
17174,1
17178,1
17181,1
17191A,1
18007,1
18010,1
18094C,1
18096C,1
18096c,1
18097A,1
18097B,1
18097C,1
18098A,1
18098B,1
18098C,1
18098c,1
20615,1
20616,1
20617,1
20618,1
20619,1
20620,1
20621,1
20622,1
20652,1
20653,1
20654,1
20655,1
20657,1
20658,1
20659,1
20660,1
20661,1
20662,1
20663,1
20664,1
20665,1
20666,1
20667,1
20668,1
20669,1
20670,1
20671,1
20672,1
20673,1
20674,1
20675,1
20676,1
20677,1
20679,1
20680,1
20681,1
20682,1
20684,1
20685,0
20686,1
20688,1
20689,1
20692,1
20693,1
20694,1
20695,1
20696,1
20697,1
20698,1
20699,1
20700,1
20701,1
20702,1
20703,1
20704,1
20705,1
20707,1
20711,0
20712,0
20713,0
20714,1
20716,1
20717,1
20718,1
20719,0
20723,1
20724,0
20725,0
20726,0
20727,0
20728,0
20729,1
20730,1
20731,1
20733,1
20734,1
20735,1
20736,1
20737,1
20738,1
20747,1
20748,1
20749,1
20750,0
20751,1
20752,1
20753,1
20754,1
20755,1
20756,1
20757,1
20758,1
20759,1
20760,1
20761,1
20762,1
20763,1
20764,1
20765,1
20766,1
20767,1
20768,1
20769,1
20770,1
20771,1
20772,1
20773,1
20774,1
20775,1
20776,1
20777,1
20778,1
20780,1
20781,1
20782,1
20783,1
20784,1
20785,1
20786,1
20787,1
20793,1
20794,1
20795,1
20796,1
20798,1
20799,1
20800,1
20801,1
20802,1
20803,1
20804,1
20812,1
20814,1
20816,1
20818,1
20819,1
20820,1
20821,1
20823,1
20825,1
20826,1
20827,1
20828,1
20829,1
20830,1
20831,1
20832,1
20833,1
20835,1
20836,1
20837,1
20838,1
20839,1
20840,1
20845,1
20846,1
20847,1
20848,1
20849,1
20850,1
20851,1
20854,1
20855,1
20856,1
20857,1
20858,1
20860,1
20861,1
20862,1
20863,1
20864,1
20865,1
20866,1
20867,1
20868,1
20869,1
20870,1
20871,1
20877,1
20878,1
20879,1
20881,1
20882,1
20884,1
20886,1
20887,1
20888,1
20889,1
20890,1
20892,1
20893,1
20894,1
20895,1
20896,1
20897,1
20898,1
20899,1
20901,1
20902,1
20903,1
20905,1
20906,1
20910,1
20913,1
20914,0
20931,1
20932,1
20933,1
20934,1
20935,1
20936,1
20939,1
20940,1
20941,1
20942,1
20943,1
20950,1
20952,1
20953,1
20956,1
20957,1
20958,1
20960,1
20961,1
20963,1
20964,1
20966,1
20967,1
20968,1
20969,1
20970,1
20971,1
20972,1
20973,1
20974,1
20975,1
20976,1
20977,1
20978,1
20979,1
20980,1
20981,1
20982,1
20983,1
20984,1
20985,1
20986,1
20987,1
20988,1
20989,1
20990,1
20991,1
20992,1
20993,1
20994,1
20996,1
20997,1
20998,1
21000,1
21001,1
21002,1
21003,1
21004,1
21007,1
21008,1
21009,1
21010,1
21011,1
21012,1
21014,1
21015,1
21016,1
21017,1
21018,1
21025,1
21026,1
21027,1
21028,1
21030,1
21031,1
21032,1
21033,1
21034,1
21035,1
21036,1
21038,1
21039,1
21040,1
21041,1
21042,1
21043,1
21051,1
21054,1
21055,1
21056,1
21058,1
21059,1
21060,1
21061,1
21062,1
21063,1
21064,1
21065,1
21066,1
21067,1
21068,1
21069,1
21070,1
21071,1
21076,1
21077,1
21078,1
21080,0
21081,1
21082,1
21084,1
21085,1
21086,1
21087,1
21088,1
21089,1
21090,1
21091,1
21092,1
21094,1
21095,1
21096,1
21097,1
21098,1
21099,1
21100,1
21102,1
21106,1
21107,1
21108,1
21109,1
21110,1
21111,1
21112,1
21114,1
21115,1
21116,1
21117,1
21118,1
21119,1
21121,1
21122,1
21123,1
21124,1
21125,1
21126,1
21127,1
21128,1
21129,1
21130,1
21131,1
21132,1
21133,1
21134,1
21135,1
21136,1
21137,0
21143,1
21144,1
21145,1
21146,1
21147,1
21153,1
21154,1
21155,1
21156,1
21157,1
21158,1
21159,1
21160,1
21161,1
21162,1
21163,1
21164,1
21165,1
21166,0
21167,1
21169,1
21171,1
21172,1
21173,1
21174,1
21175,0
21179,1
21181,0
21185,1
21186,1
21187,1
21188,1
21189,1
21190,1
21191,1
21192,1
21193,1
21194,1
21195,1
21196,1
21197,1
21198,1
21199,1
21200,1
21201,1
21202,1
21203,1
21204,1
21205,1
21206,1
21207,1
21208,1
21209,1
21210,1
21211,1
21212,0
21213,1
21214,1
21215,1
21216,1
21217,0
21218,1
21219,1
21220,1
21221,1
21222,1
21223,1
21224,1
21225,1
21226,1
21228,1
21231,0
21232,0
21238,1
21239,1
21240,1
21241,1
21242,1
21243,1
21244,1
21245,1
21246,1
21247,1
21248,1
21249,1
21250,1
21251,1
21252,1
21253,1
21255,1
21256,1
21257,1
21258,1
21259,1
21260,1
21261,1
21262,1
21263,1
21264,1
21265,1
21266,1
21267,1
21268,1
21269,1
21270,1
21272,1
21274,1
21275,1
21276,1
21277,1
21278,1
21279,1
21280,1
21281,1
21282,1
21283,1
21284,1
21285,1
21286,1
21287,1
21288,1
21289,1
21290,1
21291,1
21292,1
21293,1
21294,1
21298,1
21299,1
21300,1
21303,1
21304,1
21306,1
21307,1
21308,1
21309,1
21310,1
21311,1
21312,1
21313,1
21314,1
21316,1
21317,1
21318,1
21319,1
21320,1
21321,1
21322,1
21323,1
21324,1
21326,1
21327,1
21328,1
21329,1
21330,1
21331,1
21332,1
21333,1
21335,1
21336,1
21337,1
21338,1
21339,1
21340,1
21341,1
21343,1
21344,1
21347,1
21348,1
21349,1
21350,1
21353,1
21354,1
21355,1
21356,1
21357,1
21358,1
21359,1
21360,1
21361,1
21363,1
21364,1
21365,1
21366,1
21367,1
21368,1
21369,1
21370,1
21371,1
21372,1
21373,1
21374,1
21375,1
21376,1
21377,1
21378,1
21379,1
21380,1
21381,1
21382,1
21383,1
21384,1
21385,1
21386,1
21387,1
21388,1
21389,1
21390,1
21391,1
21392,1
21393,1
21394,1
21395,1
21396,1
21397,1
21398,1
21399,1
21400,1
21401,1
21402,1
21403,1
21406,1
21407,1
21408,1
21409,1
21410,1
21411,1
21412,1
21413,1
21414,1
21415,1
21416,1
21417,1
21418,1
21419,1
21420,1
21421,1
21422,1
21424,1
21425,1
21426,1
21427,1
21428,1
21429,1
21430,1
21431,1
21432,1
21437,1
21438,1
21439,1
21440,1
21441,1
21442,1
21443,1
21444,1
21445,1
21446,1
21447,1
21448,1
21450,1
21452,1
21454,1
21455,1
21456,1
21457,1
21458,1
21459,1
21460,1
21461,1
21462,1
21463,1
21464,1
21465,1
21466,1
21467,1
21468,1
21469,1
21470,1
21471,1
21472,1
21473,1
21474,1
21476,1
21477,1
21478,1
21479,1
21480,1
21481,1
21482,1
21484,1
21485,0
21486,1
21488,1
21489,1
21490,1
21491,1
21493,1
21494,1
21495,1
21497,1
21498,1
21499,1
21500,1
21503,1
21504,1
21506,1
21507,1
21508,1
21509,1
21511,1
21518,1
21523,0
21524,0
21525,1
21527,0
21528,1
21529,1
21530,1
21531,1
21532,1
21533,1
21534,1
21535,1
21536,1
21537,1
21538,1
21539,1
21540,1
21541,1
21542,1
21543,1
21544,1
21545,1
21547,1
21548,1
21549,1
21550,1
21551,1
21552,1
21553,1
21554,1
21555,1
21556,1
21557,1
21558,1
21559,1
21560,1
21561,1
21562,1
21563,1
21564,1
21576,1
21577,1
21578,1
21579,1
21580,1
21581,1
21582,1
21584,1
21585,1
21586,1
21587,1
21588,1
21589,1
21590,1
21591,1
21592,1
21593,1
21594,1
21595,1
21596,1
21609,1
21610,1
21611,1
21612,1
21613,1
21614,1
21615,1
21616,1
21617,1
21618,1
21619,1
21620,1
21621,0
21622,1
21623,0
21624,1
21625,1
21626,1
21627,1
21628,1
21629,1
21630,1
21631,1
21632,1
21633,1
21634,1
21635,1
21636,1
21637,1
21638,1
21639,1
21640,1
21641,1
21642,1
21643,1
21644,1
21645,1
21647,1
21648,1
21649,1
21650,1
21651,1
21652,1
21653,1
21654,1
21655,1
21656,1
21657,1
21658,1
21659,1
21661,1
21662,1
21663,1
21664,1
21665,1
21666,1
21667,1
21668,1
21669,1
21670,1
21671,1
21672,1
21673,1
21674,1
21675,1
21676,1
21677,1
21678,1
21679,1
21680,1
21681,1
21682,1
21683,1
21684,1
21685,1
21686,1
21687,1
21688,1
21689,1
21690,1
21691,1
21692,1
21693,1
21694,1
21695,1
21696,1
21697,1
21698,1
21699,1
21700,1
21702,1
21703,1
21704,1
21705,1
21706,1
21707,1
21708,1
21709,1
21710,1
21711,1
21713,1
21714,1
21715,1
21716,1
21717,1
21718,1
21719,1
21720,1
21721,1
21722,1
21723,1
21724,1
21725,1
21726,1
21728,1
21729,1
21730,1
21731,0
21732,1
21733,0
21734,1
21735,1
21736,1
21737,1
21738,1
21739,1
21740,1
21741,1
21742,1
21743,1
21744,1
21745,1
21746,1
21747,1
21749,1
21750,1
21752,1
21754,0
21755,0
21756,1
21757,1
21758,1
21759,1
21760,1
21761,1
21763,1
21764,1
21765,1
21767,1
21768,1
21769,1
21770,1
21772,1
21773,1
21774,1
21775,1
21777,1
21779,1
21780,1
21781,1
21784,1
21785,1
21786,1
21787,1
21788,1
21789,1
21790,1
21791,1
21792,1
21793,1
21794,1
21795,1
21796,1
21801,1
21802,1
21803,1
21804,1
21805,1
21806,1
21807,1
21808,1
21809,1
21810,1
21811,1
21812,1
21813,1
21814,1
21815,1
21816,1
21817,1
21818,1
21819,1
21820,1
21821,1
21822,1
21823,1
21824,1
21825,1
21826,1
21827,1
21828,1
21829,1
21830,1
21832,1
21833,1
21836,1
21837,1
21838,1
21839,1
21841,1
21842,1
21843,0
21844,1
21845,1
21846,1
21847,1
21849,1
21850,1
21851,1
21852,1
21853,1
21854,1
21857,1
21858,1
21860,1
21864,1
21865,1
21866,1
21867,1
21868,1
21869,1
21870,1
21871,1
21872,1
21873,1
21874,1
21875,1
21876,1
21877,1
21878,1
21879,1
21880,1
21881,1
21882,1
21883,1
21884,1
21888,1
21889,1
21890,1
21891,1
21892,1
21893,1
21894,1
21895,1
21896,1
21897,1
21898,1
21899,1
21900,1
21901,1
21902,1
21903,1
21904,1
21905,1
21906,1
21907,1
21908,1
21910,1
21911,1
21913,1
21914,1
21915,0
21916,1
21917,1
21918,1
21919,1
21922,1
21923,1
21924,1
21925,1
21926,1
21927,1
21928,0
21929,0
21930,0
21931,0
21932,1
21933,1
21934,1
21935,1
21936,0
21937,1
21942,1
21943,1
21944,1
21945,1
21946,1
21947,1
21948,1
21949,1
21950,1
21955,1
21967,1
21972,1
21973,1
21974,1
21975,1
21976,1
21977,0
21980,1
21981,1
21982,1
21983,1
21984,1
21985,1
21986,1
21987,1
21988,1
21989,1
21990,1
21991,1
21992,1
21993,1
22021,1
22023,1
22024,1
22025,1
22026,1
22027,1
22028,1
22029,1
22030,1
22031,1
22032,1
22033,1
22034,1
22035,1
22036,1
22037,1
22038,1
22039,1
22040,1
22041,1
22042,1
22043,1
22044,1
22045,1
22046,1
22047,1
22048,1
22049,1
22050,1
22051,1
22052,1
22053,1
22054,1
22055,1
22056,1
22057,1
22058,1
22059,1
22060,1
22061,1
22062,1
22063,1
22064,1
22065,1
22066,1
22067,1
22068,1
22069,1
22070,1
22071,1
22072,1
22073,1
22074,1
22075,1
22076,1
22077,0
22078,1
22079,1
22080,1
22081,1
22082,1
22083,0
22084,0
22085,1
22086,0
22087,0
22088,1
22089,1
22090,0
22091,1
22092,1
22093,1
22094,1
22095,1
22096,1
22097,1
22098,1
22099,1
22100,1
22101,1
22102,1
22103,1
22104,1
22105,1
22106,1
22107,1
22109,1
22110,1
22111,0
22112,0
22113,1
22114,0
22115,1
22116,1
22117,1
22118,1
22119,1
22120,1
22121,1
22122,1
22123,1
22124,1
22125,1
22127,1
22128,1
22129,1
22130,1
22131,1
22132,1
22133,1
22134,1
22135,1
22136,1
22137,1
22138,0
22139,0
22141,1
22142,1
22143,1
22144,1
22145,1
22146,1
22147,1
22148,1
22149,0
22150,1
22151,1
22152,1
22153,1
22154,1
22155,1
22156,1
22157,1
22158,1
22161,1
22162,1
22163,1
22164,1
22165,1
22166,1
22167,1
22168,1
22169,1
22170,1
22171,1
22172,1
22173,1
22174,1
22175,1
22176,1
22177,1
22178,0
22179,1
22180,1
22181,1
22182,1
22183,1
22184,1
22185,1
22186,1
22187,1
22188,1
22189,0
22190,1
22191,1
22192,1
22193,1
22194,1
22195,1
22196,1
22197,0
22198,1
22199,1
22200,1
22201,1
22202,1
22203,1
22204,1
22206,1
22207,1
22208,1
22209,1
22210,1
22211,1
22212,1
22214,1
22215,1
22216,1
22217,1
22218,1
22219,1
22220,1
22221,1
22222,1
22223,1
22224,1
22227,1
22228,1
22229,1
22230,1
22231,1
22232,1
22233,1
22236,1
22241,1
22242,1
22243,1
22244,1
22245,1
22246,1
22247,1
22248,1
22249,1
22250,1
22251,1
22252,1
22253,1
22254,1
22255,1
22256,1
22257,1
22258,1
22259,1
22260,1
22261,1
22262,1
22263,1
22264,1
22265,1
22266,1
22267,1
22268,1
22269,1
22270,1
22271,1
22272,1
22273,1
22274,1
22275,1
22276,1
22277,1
22278,1
22279,1
22280,1
22281,1
22282,1
22283,1
22284,1
22285,1
22286,1
22287,1
22288,1
22289,1
22290,1
22291,1
22292,1
22293,1
22294,1
22295,1
22296,1
22297,1
22300,1
22301,1
22302,1
22303,1
22304,1
22305,1
22306,1
22307,1
22308,1
22309,1
22310,1
22311,1
22312,1
22313,1
22314,1
22315,1
22316,1
22317,1
22318,1
22319,1
22320,1
22321,1
22322,1
22323,1
22324,1
22325,1
22326,0
22327,1
22328,0
22329,1
22330,1
22331,1
22332,1
22333,1
22334,1
22335,1
22336,1
22337,1
22338,1
22339,1
22340,1
22341,1
22342,1
22343,1
22344,1
22345,1
22346,1
22347,1
22348,1
22349,1
22350,1
22351,1
22352,1
22353,1
22354,1
22355,0
22356,1
22357,1
22358,1
22359,1
22360,1
22361,1
22362,1
22363,1
22364,1
22365,1
22366,1
22367,1
22371,1
22372,1
22374,1
22375,1
22376,1
22377,1
22378,1
22379,0
22380,1
22381,1
22382,0
22383,0
22384,0
22385,0
22386,0
22389,1
22390,1
22391,1
22393,1
22394,1
22395,1
22396,1
22398,1
22399,1
22400,1
22402,1
22403,1
22405,1
22406,1
22407,1
22408,1
22409,1
22410,1
22411,0
22412,1
22413,1
22414,1
22415,1
22416,1
22417,1
22418,1
22419,1
22420,1
22421,1
22422,1
22423,0
22424,1
22425,1
22426,1
22427,1
22428,1
22429,1
22430,1
22431,1
22432,1
22433,1
22434,1
22435,1
22436,1
22437,1
22438,1
22439,1
22440,1
22441,1
22442,1
22443,1
22444,1
22445,1
22446,1
22447,1
22448,1
22449,1
22450,1
22451,1
22452,1
22453,1
22454,1
22456,1
22457,0
22458,1
22459,1
22460,1
22461,1
22464,1
22465,1
22466,1
22467,1
22468,1
22469,0
22470,0
22471,1
22472,1
22473,1
22474,1
22475,1
22476,1
22477,1
22478,1
22479,1
22480,1
22481,1
22482,1
22483,1
22485,1
22486,1
22487,1
22488,1
22489,1
22491,1
22492,0
22493,1
22494,1
22495,1
22496,1
22497,1
22498,1
22499,0
22500,1
22501,0
22502,0
22503,1
22504,1
22505,1
22507,1
22508,1
22509,1
22510,1
22511,1
22512,1
22513,1
22514,1
22515,1
22516,1
22517,1
22518,1
22519,1
22520,1
22521,1
22522,1
22523,1
22524,1
22525,1
22526,1
22528,1
22529,1
22530,1
22531,1
22532,1
22533,1
22534,1
22535,1
22536,1
22537,1
22538,1
22539,1
22540,1
22541,1
22543,1
22544,1
22545,1
22546,1
22547,1
22548,1
22549,1
22550,1
22551,1
22553,1
22554,1
22555,1
22556,1
22557,1
22558,1
22559,1
22560,1
22561,1
22562,1
22563,1
22564,1
22565,1
22566,1
22567,1
22568,1
22569,1
22570,1
22571,1
22572,1
22573,1
22574,1
22575,1
22576,1
22577,1
22578,1
22579,1
22580,1
22581,1
22582,1
22583,1
22584,1
22585,1
22586,1
22587,1
22588,1
22589,1
22591,1
22592,1
22593,1
22594,1
22595,1
22596,1
22597,1
22598,1
22599,1
22600,1
22601,1
22602,1
22603,1
22604,1
22605,0
22606,1
22607,0
22608,1
22609,1
22610,1
22611,1
22612,1
22613,1
22614,1
22615,1
22616,1
22617,1
22618,1
22619,1
22620,1
22621,1
22622,0
22623,1
22624,0
22625,1
22626,1
22627,1
22628,1
22629,0
22630,1
22631,1
22632,1
22633,1
22634,1
22635,1
22636,1
22637,1
22638,1
22639,1
22640,1
22641,1
22642,1
22643,1
22644,1
22645,1
22646,1
22647,1
22649,1
22650,1
22651,1
22652,1
22653,1
22654,1
22655,1
22656,1
22659,0
22660,1
22661,1
22662,1
22663,1
22664,1
22665,1
22666,1
22667,1
22668,1
22669,1
22670,1
22671,1
22672,1
22673,1
22674,1
22675,1
22676,1
22677,1
22678,1
22679,1
22680,1
22681,1
22682,1
22683,1
22684,1
22685,1
22686,1
22687,1
22688,1
22689,1
22690,1
22691,1
22692,1
22693,1
22694,1
22695,1
22696,1
22697,1
22698,1
22699,0
22700,1
22701,1
22702,1
22703,1
22704,1
22705,1
22706,1
22707,1
22708,1
22709,1
22710,1
22711,1
22712,1
22713,1
22714,1
22715,1
22716,1
22717,1
22718,1
22719,1
22720,0
22721,1
22722,1
22723,1
22725,1
22726,1
22727,1
22728,1
22729,1
22730,1
22731,1
22732,1
22733,1
22734,1
22735,1
22736,1
22737,1
22738,1
22739,1
22740,1
22741,1
22742,1
22743,1
22744,1
22745,1
22746,1
22747,1
22748,1
22749,1
22750,1
22751,1
22752,1
22753,1
22754,1
22755,1
22756,1
22757,1
22758,1
22759,1
22760,1
22761,1
22762,1
22763,1
22764,1
22765,1
22766,1
22767,1
22768,1
22769,1
22770,1
22771,1
22772,1
22773,1
22774,1
22775,1
22776,1
22777,1
22778,1
22779,1
22780,1
22781,1
22782,1
22783,1
22784,1
22785,1
22786,1
22788,1
22789,1
22790,1
22791,1
22792,1
22794,1
22795,1
22796,1
22797,1
22798,1
22799,1
22800,1
22801,1
22802,1
22803,1
22804,1
22805,1
22806,1
22807,1
22808,1
22809,1
22810,1
22811,1
22812,1
22813,1
22814,1
22815,1
22816,1
22817,1
22818,1
22819,1
22820,1
22821,1
22822,1
22823,1
22824,1
22825,1
22826,1
22827,1
22828,1
22829,1
22830,1
22831,1
22832,1
22833,1
22834,1
22835,1
22837,1
22838,1
22839,1
22840,1
22841,1
22842,1
22843,1
22844,1
22845,1
22846,1
22847,1
22848,1
22849,1
22851,1
22852,1
22853,1
22854,1
22855,1
22856,1
22857,1
22858,1
22859,1
22860,1
22861,1
22862,1
22863,1
22864,1
22865,1
22866,1
22867,1
22868,1
22869,1
22870,1
22871,1
22872,1
22873,1
22874,1
22875,1
22876,1
22877,1
22878,1
22879,1
22880,1
22881,1
22882,1
22883,1
22884,1
22885,1
22886,1
22887,1
22888,1
22889,1
22890,1
22891,1
22892,1
22893,1
22894,1
22895,1
22896,1
22897,1
22898,1
22899,1
22900,1
22902,1
22903,1
22904,1
22905,1
22906,1
22907,1
22908,1
22909,1
22910,0
22911,1
22912,1
22913,1
22914,1
22915,1
22916,1
22917,1
22918,1
22919,1
22920,1
22921,1
22922,1
22923,1
22924,1
22925,1
22926,1
22927,1
22928,1
22929,1
22930,1
22931,1
22932,1
22933,1
22934,1
22935,1
22936,1
22937,1
22938,1
22939,1
22940,1
22941,1
22942,1
22943,1
22944,1
22945,1
22946,1
22947,1
22948,1
22949,1
22950,1
22951,1
22952,1
22953,1
22954,1
22955,1
22956,1
22957,1
22959,1
22960,0
22961,1
22962,1
22963,1
22964,1
22965,1
22966,1
22967,1
22968,1
22969,1
22970,1
22971,1
22972,1
22973,1
22974,1
22975,1
22976,1
22977,1
22978,1
22979,1
22980,1
22981,1
22982,1
22983,1
22984,1
22985,1
22986,1
22987,1
22988,1
22989,1
22990,1
22991,1
22992,1
22993,1
22994,1
22995,1
22996,1
22997,1
22998,1
22999,1
23000,1
23002,1
23003,1
23004,1
23005,1
23006,1
23007,1
23008,1
23009,1
23010,1
23012,1
23013,1
23014,1
23015,1
23016,1
23017,1
23018,1
23019,1
23020,1
23021,1
23022,1
23023,1
23024,1
23025,1
23026,1
23027,1
23028,1
23029,1
23031,1
23032,1
23033,1
23034,1
23035,1
23036,1
23037,1
23038,1
23039,1
23040,1
23041,1
23042,1
23043,1
23044,1
23045,1
23046,1
23047,1
23048,1
23049,1
23050,1
23051,1
23052,1
23053,1
23054,1
23055,1
23056,1
23057,1
23058,1
23060,1
23061,1
23064,1
23065,1
23066,1
23067,1
23068,1
23069,1
23070,1
23071,1
23072,1
23073,1
23074,1
23075,1
23076,1
23077,1
23078,1
23079,1
23080,1
23081,1
23082,1
23083,1
23084,1
23085,1
23086,1
23087,1
23088,1
23089,1
23090,1
23091,1
23092,1
23093,1
23094,1
23096,1
23099,1
23100,1
23101,1
23102,1
23103,1
23104,1
23106,1
23107,1
23108,1
23109,1
23110,1
23111,1
23112,1
23113,1
23114,1
23115,1
23116,1
23117,1
23118,1
23119,1
23120,1
23121,1
23122,1
23123,1
23124,1
23125,1
23126,1
23127,1
23128,1
23129,1
23130,1
23131,1
23132,1
23133,1
23134,1
23135,1
23136,1
23137,1
23138,1
23139,1
23140,1
23141,1
23142,1
23143,1
23144,1
23145,1
23146,1
23147,1
23148,1
23149,1
23150,1
23151,1
23152,1
23153,1
23154,1
23155,1
23156,1
23157,1
23158,1
23159,1
23160,1
23161,1
23162,1
23163,1
23164,1
23165,1
23166,1
23167,1
23168,1
23169,1
23170,1
23171,1
23172,1
23173,1
23174,1
23175,1
23176,1
23177,1
23178,1
23179,1
23180,1
23181,1
23182,1
23183,1
23184,1
23185,1
23186,1
23187,1
23188,1
23189,1
23190,1
23191,1
23192,1
23193,1
23194,1
23196,1
23197,1
23198,1
23199,1
23200,1
23201,1
23202,1
23203,1
23204,1
23205,1
23206,1
23207,1
23208,1
23209,1
23210,1
23211,1
23212,1
23213,1
23214,1
23215,1
23216,1
23217,1
23218,1
23219,1
23220,1
23221,1
23222,1
23223,1
23224,1
23225,1
23226,1
23227,1
23228,1
23229,1
23230,1
23231,1
23232,1
23233,1
23234,1
23235,1
23236,1
23237,1
23238,1
23239,1
23240,1
23241,1
23242,1
23243,1
23244,1
23245,1
23247,1
23249,1
23250,1
23251,1
23252,1
23253,1
23254,1
23255,1
23256,1
23263,1
23264,1
23265,1
23266,1
23267,1
23268,1
23269,1
23270,1
23271,1
23272,1
23273,1
23274,1
23275,1
23280,1
23281,1
23282,1
23283,1
23284,1
23285,1
23286,1
23287,1
23288,1
23289,1
23290,1
23291,1
23292,1
23293,1
23294,1
23295,1
23296,1
23297,1
23298,0
23299,1
23300,1
23301,1
23302,1
23303,1
23304,1
23305,1
23306,1
23307,1
23308,1
23309,1
23310,1
23311,1
23312,1
23313,1
23314,1
23315,1
23316,1
23317,1
23318,1
23319,1
23320,1
23321,1
23322,1
23323,1
23324,1
23325,1
23326,1
23327,1
23328,1
23329,1
23330,1
23331,1
23332,1
23333,1
23334,1
23335,1
23336,1
23337,1
23338,1
23339,1
23340,1
23341,1
23342,1
23343,1
23344,1
23345,1
23346,1
23347,1
23348,1
23349,1
23350,1
23351,1
23352,1
23353,1
23354,1
23355,1
23356,1
23357,1
23358,1
23359,1
23360,1
23365,1
23366,1
23367,1
23368,1
23369,1
23370,1
23371,1
23372,1
23373,1
23374,1
23375,1
23376,1
23377,1
23378,1
23379,1
23380,1
23381,1
23382,1
23388,1
23389,1
23390,1
23391,1
23392,1
23393,1
23394,1
23395,1
23396,1
23397,1
23398,1
23399,1
23400,1
23401,1
23402,1
23403,1
23404,1
23405,1
23406,1
23407,1
23408,1
23409,1
23410,1
23411,1
23412,1
23413,1
23414,1
23415,1
23416,1
23417,1
23418,1
23419,1
23420,1
23421,1
23422,1
23423,1
23424,1
23425,1
23426,1
23427,1
23428,1
23429,1
23430,1
23431,1
23432,1
23433,1
23434,1
23435,1
23436,1
23437,1
23438,1
23439,1
23440,1
23441,1
23442,1
23445,1
23446,1
23447,1
23448,1
23449,1
23451,1
23452,1
23453,1
23454,1
23455,1
23456,1
23457,1
23458,1
23459,1
23460,1
23461,1
23462,1
23463,1
23464,1
23465,1
23466,1
23467,1
23468,1
23469,1
23470,1
23471,1
23472,1
23473,1
23474,1
23475,1
23476,1
23477,1
23478,1
23479,1
23480,1
23481,1
23482,1
23483,1
23484,1
23485,1
23486,1
23487,1
23489,1
23490,1
23491,1
23492,1
23493,1
23494,1
23495,1
23496,1
23497,1
23498,1
23499,1
23500,1
23501,1
23502,1
23504,1
23505,1
23506,1
23507,1
23508,1
23509,1
23510,1
23511,1
23512,1
23513,1
23514,1
23515,1
23516,1
23517,1
23518,1
23519,1
23520,1
23521,1
23522,1
23523,1
23525,1
23526,1
23527,1
23528,1
23529,1
23530,1
23531,1
23532,1
23533,1
23534,1
23535,1
23536,1
23537,1
23538,1
23539,1
23540,1
23541,1
23542,1
23543,1
23544,1
23545,1
23546,1
23547,1
23548,1
23549,1
23550,1
23551,1
23552,1
23553,1
23554,1
23555,1
23556,1
23557,1
23558,1
23559,1
23560,1
23561,1
23562,1
23564,1
23565,1
23566,1
23567,1
23568,1
23569,1
23570,1
23574,1
23575,1
23576,1
23578,1
23579,1
23580,1
23581,1
23582,1
23583,1
23597,1
23598,1
23601,1
23603,1
23605,1
23608,1
23609,1
23610,1
23611,1
23612,1
23614,1
23615,1
23616,1
23619,1
23620,1
23621,1
23623,1
23624,1
23625,1
23626,1
23627,1
23628,1
23629,1
23630,1
23632,1
23633,1
23634,1
23635,1
23636,1
23637,1
23638,1
23639,1
23640,1
23643,1
23644,1
23645,1
23646,1
23649,1
23650,1
23654,1
23660,1
23661,1
23664,1
23681,1
23691,1
23692,1
23694,1
23695,1
23697,1
23702,1
30086C,1
35001B,1
35001G,1
35001P,1
35001W,1
35004B,1
35004C,1
35004G,1
35004P,1
35004S,1
35004c,1
35004p,1
35004s,1
35015,1
35051B,1
35071,1
35085E,1
35095A,1
35095B,1
35096A,1
35096B,1
35160,1
35233,1
35240,1
35241,1
35265,1
35271S,1
35400,1
35443,1
35471A,1
35471D,1
35537,1
35591T,1
35594,1
35596,1
35597A,1
35597B,1
35597D,1
35598A,1
35598B,1
35598C,1
35598D,1
35599B,1
35599D,1
35600D,1
35603B,1
35607A,1
35607B,1
35609A,1
35610A,1
35610B,1
35610C,1
35611B,1
35633B,1
35637A,1
35637C,1
35638A,1
35638B,1
35644,1
35645,1
35646,1
35647,1
35648,1
35649,1
35650,1
35651,1
35652,1
35653,1
35654,1
35751C,1
35751D,1
35793,1
35809A,1
35809B,1
35809a,1
35810A,1
35810B,1
35811A,1
35815B,1
35815P,1
35816B,1
35816P,1
35817B,1
35817P,1
35818B,1
35818C,1
35818P,1
35819B,1
35819P,1
35821B,1
35821P,1
35822B,1
35822P,1
35823P,1
35824B,1
35824C,1
35824P,1
35832,1
35833G,1
35833P,1
35838A,1
35838B,1
35840,1
35909A,1
35909B,1
35910A,1
35910B,1
35911A,1
35911B,1
35912B,1
35913B,1
35914,1
35915A,1
35915B,1
35915C,1
35916A,1
35916B,1
35916C,1
35918B,1
35920,1
35921,1
35922,1
35923,1
35924,1
35930,1
35931,1
35932,1
35933,1
35936,1
35937,1
35950,1
35951,1
35953,1
35954,1
35955,1
35957,1
35958,1
35961,1
35962,1
35963,1
35964,1
35965,1
35966,1
35967,1
35968,1
35969,1
35970,1
35971,1
35972,1
35973,1
35974,1
35979,1
35980B,1
35980C,1
35981C,1
35991,1
35995,1
35999,1
37112,1
37326,1
37327,1
37330,1
37333,1
37340,1
37343,1
37345,1
37348,1
37351,1
37352,1
37370,1
37399,1
37408,1
37409,1
37410,1
37413,1
37422,1
37423,1
37424,1
37432,1
37438,1
37441,1
37444A,1
37444B,1
37444C,1
37446,1
37447,1
37448,1
37449,0
37450,1
37451,1
37461,1
37462B,1
37462E,1
37464,1
37467,1
37468,1
37471,1
37474,1
37475,1
37476,1
37477B,1
37477C,1
37479B,1
37479P,1
37481,1
37482B,1
37482P,1
37482b,1
37482p,1
37483,1
37484,1
37485,1
37487B,1
37488A,1
37489A,1
37489B,1
37489C,1
37489D,1
37491A,1
37491B,1
37491C,1
37491D,1
37492A,1
37492B,1
37492C,1
37492D,1
37494A,1
37494a,1
37495,1
37500,1
37501,1
37502,1
37503,0
37506,1
37508,1
37509,1
40001,1
40002,1
40003,1
40005B,1
40016,1
40018E,1
40018F,1
40046A,1
40046C,1
44089A,1
44089C,1
44091A,1
44091C,1
44092B,1
44092C,1
44217M,1
44228,1
44230,1
44234,1
44235,1
44236,1
44241C,1
44242A,1
44242B,1
44265,1
45008C,1
45013,1
45016,1
46000M,1
46000P,1
46000R,1
46000S,1
46000U,1
46037A,1
46115B,1
46118,1
46126A,1
46137D,1
46138B,1
46307,1
46775A,1
46775B,1
46775D,1
46775E,1
46776A,1
46776B,1
46776C,1
46776D,1
46776E,1
46776F,1
46776a,1
46776b,1
46776e,1
46776f,1
47013A,1
47013C,1
47016,1
47021G,1
47310M,1
47341A,1
47341B,1
47343A,1
47344B,1
47347B,1
47348A,1
47351B,1
47367B,1
47369A,1
47369B,1
47420,1
47421,1
47422,1
47469,1
47471,1
47480,1
47481,1
47502,1
47503A,1
47503E,1
47503F,1
47503G,1
47503H,1
47503J,1
47503K,1
47504E,1
47504F,1
47504G,1
47504H,1
47504J,1
47504K,1
47505,1
47518F,1
47518f,1
47552A,1
47556,1
47556B,1
47556b,1
47559B,1
47559b,1
47562,1
47563A,1
47563B,1
47566,0
47566B,0
47566b,1
47567B,1
47567b,1
47568,1
47569,1
47570,1
47570B,1
47570b,1
47574A,1
47574B,1
47578A,1
47579,1
47580,1
47581B,1
47583A,1
47583B,1
47585A,1
47586A,1
47587A,1
47589,1
47590A,0
47590B,0
47590b,1
47591A,1
47591B,1
47591C,1
47591D,1
47591b,1
47591c,1
47591d,1
47592A,1
47592B,1
47593A,1
47593B,1
47593a,1
47593b,1
47594A,1
47594B,1
47594a,1
47597,1
47598,1
47599A,1
47599B,1
48103,1
48111,0
48116,1
48129,1
48138,0
48173A,1
48173C,1
48173c,1
48175,1
48179,1
48184,0
48185,0
48187,0
48188,0
48189,1
48194,0
48195,1
48197,1
51008,1
51012C,1
51012L,1
51014A,1
51014C,1
51014L,1
51014c,1
51020A,1
51020B,1
62018,1
62043B,1
62074B,1
62086A,1
62094B,1
62095B,1
62096A,1
62096B,1
62097A,1
62097B,1
70006,1
70007,1
71028B,1
71038,1
71050,1
71053,1
71101E,1
71143,1
71215,1
71270,1
71279,1
71403,1
71406C,1
71434B,1
71459,0
71477,0
71495A,1
71495B,1
71496A,1
71496B,1
71510,1
72008,1
72023F,1
72024U,1
72038P,1
72045D,1
72051S,1
72083A,1
72084B,1
72122,1
72127,1
72128,1
72129,1
72130,1
72131,1
72132,1
72133,1
72134,1
72140E,1
72140F,1
72225C,1
72225D,1
72232,1
72267,1
72349B,1
72349b,1
72351A,1
72351B,1
72351a,1
72369A,1
72484,1
72487,1
72529W,1
72529w,1
72586,1
72598,1
72606A,1
72708,1
72709,1
72715,1
72724,1
72728,1
72739B,1
72739C,1
72740A,1
72741,0
72750A,1
72750B,1
72750C,1
72750D,1
72751A,1
72751B,1
72751C,1
72752A,1
72752B,1
72753A,1
72753B,1
72753C,1
72753D,1
72754A,1
72754B,1
72754D,1
72755C,1
72755D,1
72756,1
72760B,1
72771B,1
72771C,1
72772,1
72779,1
72780,1
72781,1
72783,1
72785A,1
72785B,1
72789,1
72793,1
72796A,1
72796B,1
72796C,1
72798C,1
72799A,1
72799B,1
72799C,1
72799D,1
72799E,1
72799F,1
72800A,1
72800B,1
72800C,1
72800D,1
72800E,1
72800F,1
72801C,1
72801D,1
72801E,1
72801F,1
72801G,1
72801c,1
72801d,1
72801e,1
72801g,1
72802A,1
72802B,1
72802C,1
72802a,1
72802c,1
72803A,1
72803B,1
72803b,1
72805,1
72807A,1
72807B,1
72807C,1
72807a,1
72807b,1
72807c,1
72811,1
72812,1
72814,1
72815,1
72816,1
72817,1
72818,1
72819,1
72821,1
75011,1
75013B,1
75049L,1
75131,1
75149N,1
75172,1
75178,1
77079,1
77081,1
77101A,1
78026,1
78027,1
78033,1
78034B,1
78056,1
78124,1
79000,1
79026B,1
79029,1
79030A,1
79030D,1
79030G,1
79051A,1
79051a,1
79062D,1
79063C,1
79063D,1
79066K,1
79066k,1
79067,1
79070b,1
79071B,1
79072,1
79140,1
79144B,1
79144C,1
79149B,1
79151B,1
79157B,1
79157V,1
79160,1
79161A,1
79163,1
79164,1
79172D,1
79190A,1
79190B,1
79190D,1
79191B,1
79191C,1
79191D,1
79192A,1
79301,1
79302M,1
79302m,1
79303A,1
79303B,1
79303D,1
79308B,1
79315W,1
79320,1
79321,0
79323B,1
79323G,1
79323GR,1
79323LP,1
79323P,1
79323S,1
79323W,1
79328,1
79329,1
79331,1
79336,1
79337,1
79338,1
79341,1
79342B,1
79342b,1
79403,1
79406,1
79413,1
79532,1
79534,1
81950B,1
81950V,1
81952B,1
81952V,1
81953B,1
81953P,1
81985A,1
82001S,1
82001s,1
82011A,1
82011B,1
82011C,1
82011E,1
82069,1
82072,1
82076,1
82081,1
82093,1
82095,1
82482,0
82483,0
82484,0
82486,0
82494L,0
82494l,1
82545A,1
82551,1
82552,1
82553,1
82567,1
82578,1
82580,1
82581,1
82582,1
82583,0
82585,1
82587,1
82597,1
82599,1
82600,0
82605,1
82607A,1
82607C,1
82607E,1
82613A,1
82613B,1
82613C,1
82613D,1
82613a,1
82613b,1
82613c,1
82615,1
82616A,1
82616B,1
82616C,1
84006,1
84007,1
84012,1
84016,1
84029C,1
84029D,1
84029E,0
84029G,1
84029c,1
84030C,1
84030E,1
84030b,1
84030c,1
84030e,1
84031A,1
84031B,1
84031a,1
84031b,1
84032A,1
84032B,1
84033,1
84050,1
84051,1
84077,0
84078A,0
84081,1
84086B,1
84086C,1
84192,1
84199,1
84201B,1
84201C,1
84205C,1
84206A,1
84206B,1
84206C,1
84212,1
84227,1
84228,1
84231,1
84247C,1
84247E,1
84247G,1
84247H,1
84247J,1
84247K,1
84247L,1
84247N,1
84249A,1
84249D,1
84250M,1
84251B,1
84251C,1
84251F,1
84251G,1
84251J,1
84255A,1
84255B,1
84270,1
84279B,1
84279P,1
84288B,1
84292,1
84292B,1
84306,1
84313A,1
84313B,1
84313C,1
84327A,1
84340,1
84341B,1
84347,0
84352,1
84356,1
84358,1
84360,1
84366,1
84367,1
84371,1
84375,1
84378,1
84380,1
84387A,1
84388,1
84396,1
84402B,1
84402D,1
84405A,1
84406B,1
84406b,1
84414B,1
84415A,1
84415B,1
84422,1
84424A,1
84425A,1
84427B,1
84429A,1
84437A,1
84447,1
84450A,1
84450B,1
84452,1
84454,1
84455,1
84456,1
84457,1
84458,1
84459A,1
84459B,1
84461,1
84462,1
84464,1
84465,1
84466,1
84467,1
84469,1
84472,1
84482,1
84493,1
84497,1
84499,1
84507B,1
84507C,1
84508A,1
84508B,1
84508C,1
84509A,1
84509B,1
84509C,1
84509E,1
84509F,1
84509G,1
84509a,1
84509b,1
84509c,1
84509g,1
84510A,1
84510B,1
84510C,1
84510E,1
84510F,1
84510a,1
84510b,1
84510c,1
84510e,1
84519A,1
84519B,1
84520B,1
84520D,1
84520b,1
84522,1
84526,1
84527,1
84529A,1
84529B,1
84529C,1
84531A,1
84531B,1
84532B,1
84533B,1
84534B,1
84534b,1
84535A,1
84535B,1
84536A,1
84536B,1
84536a,1
84536b,1
84537B,1
84539,1
84546,1
84548,1
84549,1
84550,1
84551,1
84555A,1
84558A,1
84558a,1
84559A,1
84559B,1
84559D,1
84559a,1
84559b,1
84562A,1
84562B,1
84564,1
84567,1
84568,1
84569A,1
84569B,1
84569C,1
84569D,1
84570B,1
84572,1
84575A,1
84575B,1
84576,1
84578,1
84580,1
84581,1
84582,1
84584,1
84586L,1
84592,1
84593,1
84595B,1
84595E,1
84596B,1
84596E,1
84596F,1
84596G,1
84596I,1
84596J,1
84596K,1
84596L,1
84596b,1
84596e,1
84596f,1
84596g,1
84596j,1
84596l,1
84597B,1
84597C,1
84598,1
84599,1
84600,1
84601A,1
84608,1
84609,1
84611B,1
84612B,1
84613A,1
84613C,1
84614A,1
84614C,1
84615,1
84616,1
84617,1
84619,1
84620,1
84621,1
84622,1
84623,1
84625A,1
84625B,1
84625C,1
84625D,1
84626,1
84627,1
84629,1
84630,1
84631,1
84632,1
84637,1
84638,1
84648,1
84653,1
84656,1
84657,1
84658,1
84659A,1
84660A,1
84660B,1
84660C,1
84660a,1
84660b,1
84660c,1
84661A,1
84661B,1
84661C,1
84661a,1
84661c,1
84663A,1
84664,1
84665,1
84666,1
84670,1
84671B,1
84673A,1
84673B,1
84674,1
84675,1
84676,1
84678,1
84679,1
84680,1
84682,1
84683,1
84684,1
84685,1
84686,1
84687,1
84688,1
84689,1
84690,1
84691,1
84692,1
84705A,1
84705B,1
84705C,1
84705D,1
84705F,1
84705b,1
84706A,1
84706B,1
84706C,1
84706D,1
84706F,1
84707A,1
84707B,1
84708B,1
84709A,1
84709B,1
84711A,1
84711B,1
84712B,1
84715,1
84720,1
84721,1
84723,1
84725,1
84726,1
84731,1
84732B,1
84732D,1
84741C,1
84743C,1
84744,1
84745A,1
84745B,1
84746,1
84748,1
84750A,1
84750B,1
84751B,1
84753A,1
84754,1
84755,0
84757,1
84760L,1
84760S,1
84761,1
84762A,1
84762B,1
84762C,1
84763,1
84765,1
84766,1
84767,1
84770,1
84773,1
84782A,1
84782B,1
84782C,1
84789,1
84791,1
84792,1
84795A,1
84795B,1
84795C,1
84795D,1
84795E,1
84795b,1
84796A,1
84796B,1
84796a,1
84796b,1
84797A,1
84797B,1
84797a,1
84797b,1
84798A,1
84798B,1
84798C,1
84799,1
84800L,1
84800M,1
84800S,1
84801A,1
84801B,1
84802A,1
84802B,1
84803A,1
84803B,1
84804A,1
84804B,1
84805A,1
84805B,1
84806A,1
84806B,1
84807,1
84809A,1
84809B,1
84813,1
84814A,1
84814B,1
84815,1
84816,1
84817,1
84818,1
84819,1
84820,1
84821,1
84823,1
84824,1
84826,1
84827,1
84828,1
84830,1
84832,1
84836,0
84837,1
84838,1
84839,1
84840,1
84842,1
84843,1
84845C,1
84845D,1
84846A,1
84847,1
84849A,1
84849B,1
84849D,1
84854,1
84855,1
84856L,1
84856S,1
84857A,1
84857B,1
84857C,1
84858A,1
84858B,1
84858C,1
84859A,1
84859B,1
84859C,1
84864A,1
84865,1
84867A,1
84867a,1
84867b,1
84868A,1
84868B,1
84869,1
84870B,1
84870C,1
84872A,1
84872a,1
84873A,1
84873a,1
84874B,1
84875A,1
84875B,1
84875D,1
84876B,1
84876C,1
84876D,1
84877A,1
84877B,1
84877D,1
84879,0
84880,1
84881,1
84882,1
84884A,1
84884a,1
84886,1
84891B,1
84893,1
84898F,1
84899E,1
84899F,1
84901,1
84902,1
84905,1
84906,1
84907,1
84908A,1
84908B,1
84909A,1
84910A,1
84912A,1
84912B,1
84912a,1
84913A,1
84913B,1
84914A,1
84915,1
84916,1
84917,1
84918,1
84919,1
84920,1
84921,1
84922,1
84923,1
84924A,1
84924D,1
84924F,1
84925A,1
84925C,1
84925D,1
84925E,1
84925F,1
84926A,1
84926B,1
84926C,1
84926D,1
84926E,1
84926F,1
84927A,1
84927D,1
84927E,1
84927F,1
84929,1
84931A,1
84931B,1
84932A,1
84932B,1
84932C,1
84932D,1
84933A,1
84933B,1
84933C,1
84934,1
84937,1
84942,1
84944,1
84945,1
84946,0
84947,1
84948,1
84949,1
84950,1
84951A,1
84951B,1
84951b,1
84952A,1
84952B,1
84952C,1
84962,1
84963A,1
84963B,1
84964A,1
84964B,1
84965A,1
84965B,1
84966A,1
84966B,1
84966C,1
84967A,1
84967B,1
84967C,1
84968A,1
84968B,1
84968C,1
84968D,1
84968E,1
84968F,1
84968a,1
84968b,1
84968d,1
84968e,1
84969,1
84970L,1
84970S,0
84970l,1
84970s,1
84971L,1
84971S,1
84971s,1
84972L,1
84974,1
84975,1
84976,1
84977,1
84978,0
84984A,1
84984B,1
84984C,1
84984D,1
84985A,1
84985B,1
84985a,1
84985b,1
84986B,1
84986b,1
84987,1
84988,1
84989A,1
84989B,1
84989a,1
84989b,1
84990,1
84991,0
84992,1
84993A,1
84993B,1
84993a,1
84993b,1
84997A,1
84997B,0
84997C,0
84997D,0
84997a,1
84997b,1
84997c,1
84997d,1
85006,1
85007,1
85008,1
85014A,1
85014B,1
85014C,1
85014D,1
85014a,1
85014b,1
85015,1
85016,1
85017A,1
85017B,1
85017C,1
85018A,1
85018B,1
85018C,1
85018D,1
85019A,1
85019B,1
85019C,1
85020,1
85023A,1
85023B,1
85023C,1
85024A,1
85024B,1
85024C,1
85025B,1
85025C,1
85026B,1
85027L,1
85028L,1
85028S,1
85030,1
85031A,1
85031B,1
85031C,1
85032A,1
85032B,1
85032C,1
85032D,1
85033G,1
85033S,1
85034A,1
85034B,1
85034C,1
85034a,1
85035A,1
85035B,1
85035C,1
85035a,1
85035b,1
85035c,1
85036A,1
85036B,1
85036C,1
85036a,1
85036b,1
85038,1
85039A,1
85039B,1
85039C,1
85039a,1
85039b,1
85040A,1
85040B,1
85040a,1
85040b,1
85041,1
85042,1
85044,1
85045,1
85047,1
85048,1
85049A,1
85049B,1
85049C,1
85049D,1
85049E,1
85049F,1
85049G,1
85049H,1
85049a,1
85049b,1
85049c,1
85049d,1
85049e,1
85049g,1
85050,1
85053,1
85054,1
85055,1
85059,1
85060,1
85061W,1
85062,1
85063,1
85064,1
85065,1
85066,0
85067,1
85068,1
85070,1
85071A,1
85071B,1
85071C,1
85071D,1
85077,1
85078,1
85079,1
85080,1
85081,1
85083,1
85084,1
85086A,1
85087,1
85088,1
85089,1
85090,1
85091,1
85092,1
85093,1
85094,1
85095,1
85096,1
85097B,1
85098B,1
85099B,0
85099C,0
85099F,0
85099b,1
85099c,1
85099f,1
85103,1
85104,1
85106,1
85107,1
85109,1
85110,1
85111,1
85112,1
85113,1
85114A,1
85114B,1
85114C,1
85114a,1
85114b,1
85114c,1
85115B,1
85116,1
85117,1
85118,1
85119,1
85121B,1
85121C,1
85123A,0
85123a,1
85123b,1
85124A,1
85124B,1
85124C,1
85124a,1
85124b,1
85124c,1
85125,1
85126,1
85127,1
85128,1
85129A,1
85129B,1
85129C,1
85129D,1
85130A,1
85130B,1
85130C,1
85130D,1
85131A,1
85131B,1
85131C,1
85131D,1
85132A,1
85132B,1
85132C,1
85132a,1
85132b,1
85132c,1
85135A,1
85135B,1
85135C,1
85136A,1
85136B,1
85136C,1
85141,1
85142,1
85144,1
85145,1
85146,1
85147,1
85151,1
85152,0
85157,1
85159A,1
85159B,1
85159b,1
85160A,1
85160B,1
85160a,1
85160b,1
85161,1
85162A,1
85162B,1
85162C,1
85163A,1
85163B,1
85164B,1
85164b,1
85165,1
85166A,1
85166B,1
85167A,1
85167B,1
85168A,1
85168B,1
85169A,1
85169B,1
85169C,1
85169D,1
85170A,1
85170B,1
85170C,1
85170D,1
85172,1
85173,1
85174,1
85175,1
85176,1
85177,1
85178,1
85179A,1
85179B,1
85179C,1
85179a,1
85180A,1
85180B,1
85184B,1
85184C,1
85184D,1
85184c,1
85185B,1
85185C,1
85185D,1
85185E,1
85185F,1
85186A,1
85186B,1
85186C,1
85187,1
85188A,1
85188B,1
85189,1
85190,1
85192S,1
85194L,1
85194S,1
85195,1
85196,1
85197,1
85198,1
85199S,1
85200,1
85202,1
85203,1
85204,1
85205A,1
85205B,1
85206A,1
85206B,1
85208,1
85211,1
85212,1
85213,1
85214,1
85215,1
85216,1
85217,1
85218,1
85220,1
85221,1
85222,1
85224,1
85225,1
85226A,1
85226C,1
85227,1
85230A,1
85230B,1
85230C,1
85230D,1
85230E,1
85230F,1
85230G,1
85231B,1
85231E,1
85231G,1
85231L,1
85231b,1
85231e,1
85231g,1
85232A,1
85232B,1
85232C,1
85232D,1
85232a,1
85232b,1
90000A,1
90000B,1
90000C,1
90000D,1
90001A,1
90001B,1
90001C,1
90001D,1
90002A,1
90002B,1
90002C,1
90002D,1
90002E,1
90003B,1
90003C,1
90003D,1
90003E,1
90004A,1
90005A,1
90010A,1
90010B,1
90010E,1
90011A,1
90011B,1
90011C,1
90011D,1
90011E,1
90012A,1
90012B,1
90013A,1
90013B,1
90013C,1
90013D,1
90013E,1
90014A,1
90014B,1
90014C,1
90016A,1
90016B,1
90016C,1
90018A,1
90018B,1
90018C,1
90019A,1
90019B,1
90019C,1
90020,1
90021,1
90022,1
90023,1
90024A,1
90024B,1
90024C,1
90024D,1
90024E,1
90024F,1
90025A,1
90025B,1
90025C,1
90025D,1
90025E,1
90025F,1
90026A,1
90026B,1
90026C,1
90026D,1
90027A,1
90027B,1
90027C,1
90027D,1
90028,1
90029,1
90030A,1
90030B,1
90030C,1
90031,1
90032,1
90033,1
90034,1
90036A,1
90036B,1
90036C,1
90036D,1
90036E,1
90036F,1
90037A,1
90037B,1
90037C,1
90037D,1
90038A,1
90038B,1
90038C,1
90039A,1
90039B,1
90039C,1
90039D,1
90040A,1
90040B,1
90040C,1
90040D,1
90041,1
90042A,1
90042B,1
90042C,1
90043,1
90046,1
90048,1
90049,1
90050,1
90051,1
90052,1
90053,1
90054,1
90055,1
90056,1
90057,1
90058A,1
90058B,1
90059A,1
90059B,1
90059C,1
90059D,1
90059E,1
90059F,1
90060B,1
90060C,1
90060D,1
90060F,1
90062,1
90063A,1
90063B,1
90064A,1
90064B,1
90065A,1
90065B,1
90066A,1
90067A,1
90067B,1
90068,1
90069,1
90070,1
90071,1
90072,1
90074,1
90075,1
90076,1
90077,1
90078,1
90081A,1
90081B,1
90081C,1
90082A,1
90082B,1
90082C,1
90082D,1
90083,1
90084,1
90085,1
90086,1
90087,1
90088,1
90089,1
90090,1
90091,1
90092,1
90093,1
90094,1
90095,1
90096,1
90098,1
90099,1
90100,1
90101,1
90102,1
90103,1
90104,1
90108,1
90111,1
90112,1
90114,1
90115,1
90116,1
90118,1
90119,1
90120A,1
90120B,1
90120C,1
90120D,1
90121B,1
90122A,1
90122B,1
90122C,1
90123A,1
90123B,1
90123C,1
90123D,1
90124A,1
90124B,1
90124C,1
90125A,1
90125B,1
90125C,1
90125D,1
90125E,1
90126A,1
90126B,1
90126C,1
90127A,1
90127B,1
90128A,1
90128B,1
90128C,1
90128D,1
90129A,1
90129B,1
90129C,1
90129D,1
90129E,1
90129F,1
90130A,1
90130B,1
90130C,1
90130D,1
90131,1
90132,1
90133,1
90134,1
90135,1
90135A,1
90136,1
90137,1
90138,1
90139,1
90140,1
90141A,1
90141B,1
90141C,1
90141D,1
90141E,1
90142A,1
90142B,1
90142D,1
90143,1
90144,1
90145,1
90146,1
90147,1
90148,1
90149,1
90150,1
90151,1
90152A,1
90152B,1
90152C,1
90154,1
90155,1
90156,1
90157,1
90158,1
90159,1
90160A,1
90160B,1
90160C,1
90160D,1
90161A,1
90161B,1
90161C,1
90161D,1
90162A,1
90162B,1
90162C,1
90162D,1
90164A,1
90164B,1
90165A,1
90165B,1
90167,1
90168,1
90169,1
90170,1
90171,1
90173,1
90174,1
90175A,1
90175B,1
90175C,1
90175D,1
90176A,1
90176B,1
90176C,1
90176D,1
90176E,1
90177A,1
90177B,1
90177C,1
90177D,1
90177E,1
90178A,1
90178B,1
90179A,1
90179B,1
90179C,1
90180A,1
90180B,1
90181A,1
90181B,1
90181C,1
90182A,1
90182B,1
90182C,1
90183A,1
90183B,1
90183C,1
90183c,1
90184A,1
90184B,1
90184C,1
90184c,1
90185A,1
90185B,1
90185C,1
90185D,1
90186A,1
90186B,1
90187A,1
90187B,1
90189A,1
90190A,1
90190B,1
90190C,1
90191,1
90192,1
90194,1
90195A,1
90195B,1
90196A,1
90196B,1
90197B,1
90197D,1
90198A,1
90198B,1
90199A,1
90199B,1
90199C,1
90199D,1
90200A,1
90200B,1
90200C,1
90200D,1
90200E,1
90201A,1
90201B,1
90201C,1
90201D,1
90202A,1
90202B,1
90202C,1
90202D,1
90203,1
90204,1
90205A,1
90205C,1
90206A,1
90206C,1
90208,1
90209A,1
90209B,1
90209C,1
90210A,1
90210B,1
90210C,1
90210D,1
90211A,1
90211B,1
90212B,1
90212C,1
90214A,1
90214B,1
90214C,1
90214D,1
90214E,1
90214F,1
90214G,1
90214H,1
90214I,1
90214J,1
90214K,1
90214L,1
90214M,1
90214N,1
90214O,1
90214P,1
90214R,1
90214S,1
90214T,1
90214U,1
90214V,1
90214W,1
90214Y,1
90214Z,1
DCGS0003,1
DCGS0004,1
DCGS0041,1
DCGS0044,1
DCGS0058,1
DCGS0066N,1
DCGS0068,1
DCGS0069,1
DCGS0070,1
DCGS0072,1
DCGS0076,1
DCGSSBOY,1
DCGSSGIRL,1
